{
    "blue": [
        0.1801066666666667,
        0.26,
        0.22872000000000006,
        0.29,
        0
    ],
    "green": [
        0.1893173333333334,
        0.2603413333333334,
        0.23000000000000007,
        0.2721546666666667,
        0
    ],
    "orange": [
        0.20080000000000003,
        0.2686666666666667,
        0.22000000000000006,
        0.27,
        0
    ],
    "pink": [
        0.19329600000000008,
        0.26564800000000005,
        0.2182933333333334,
        0.27726933333333337,
        0
    ],
    "purple": [
        0.18786666666666668,
        0.26,
        0.22000000000000006,
        0.28656,
        0
    ],
    "yellow": [
        0.17459733333333335,
        0.27409600000000006,
        0.2345226666666667,
        0.27596266666666674,
        0
    ]
}
