{
    "lightblue": [
        392.7600000000001,
        126.97440000000003,
        112.90773333333335,
        140.86773333333338,
        80
    ],
    "lightgreen": [
        390.32373333333345,
        127.34560000000002,
        113.59573333333336,
        137.32693333333333,
        0
    ],
    "lightorange": [
        387.7765333333334,
        128.66666666666669,
        110.6336,
        136.78933333333333,
        20
    ],
    "lightpurple": [
        389.03200000000004,
        126.84746666666668,
        111.36373333333336,
        139.64800000000002,
        60
    ],
    "lightyellow": [
        390.8981333333334,
        129.19253333333336,
        113.51733333333335,
        137.032,
        40
    ],
    "pink": [
        394.40053333333344,
        129.61333333333334,
        112.69866666666668,
        140.0906666666667,
        100
    ]
}